start,end,head_pid,head_kit_blocked,dentist_idle,other_resources_ready,later_patient_kit_ready,case
0.0,16.57194458379777,-1,False,True,True,False,K2_B0
16.57194458379777,18.988861807523058,-1,False,True,True,False,K2_B0
18.988861807523058,21.80616666288438,-1,False,True,True,False,K2_B0
21.80616666288438,24.60801833257252,-1,False,True,True,False,K2_B0
24.60801833257252,48.794642343446924,-1,False,False,False,False,K2_B0
48.794642343446924,52.47160478824419,-1,False,True,True,False,K2_B0
52.47160478824419,56.994878924423304,-1,False,True,True,False,K2_B0
56.994878924423304,57.73533634406372,-1,False,True,True,False,K2_B0
57.73533634406372,59.67475562812266,-1,False,True,True,False,K2_B0
59.67475562812266,62.56872237212475,-1,False,False,False,False,K2_B0
62.56872237212475,64.9948789244233,3,False,False,False,False,K2_B0
64.9948789244233,86.27299695851002,3,False,False,False,False,K2_B0
86.27299695851002,89.00203644224206,-1,False,False,False,False,K2_B0
89.00203644224206,89.73531654704941,-1,False,True,False,False,K2_B0
89.73531654704941,92.85116381049608,-1,False,True,False,False,K2_B0
92.85116381049608,93.9948789244233,-1,False,True,False,False,K2_B0
93.9948789244233,95.68475398200695,-1,False,True,False,False,K2_B0
95.68475398200695,97.36785401319341,-1,False,True,False,False,K2_B0
97.36785401319341,97.70930664558293,5,False,True,False,False,K2_B0
97.70930664558293,103.68475398200695,5,False,True,False,False,K2_B0
103.68475398200695,105.70930664558293,-1,False,False,False,False,K2_B0
105.70930664558293,106.20399657361276,-1,False,False,False,False,K2_B0
106.20399657361276,108.7615881738295,-1,False,False,False,False,K2_B0
108.7615881738295,115.16637277021943,6,False,False,False,False,K2_B0
115.16637277021943,117.19577796641208,-1,False,False,False,False,K2_B0
117.19577796641208,123.5735452181593,-1,False,False,False,False,K2_B0
123.5735452181593,131.5735452181593,-1,False,False,False,False,K2_B0
131.5735452181593,132.68475398200695,-1,False,False,False,False,K2_B0
132.68475398200695,137.45164140938687,-1,False,False,False,False,K2_B0
137.45164140938687,138.79986901824594,-1,False,True,True,False,K2_B0
138.79986901824594,140.02109428815186,-1,False,True,True,False,K2_B0
140.02109428815186,143.98247752594574,-1,False,True,True,False,K2_B0
143.98247752594574,147.8097068259101,-1,False,False,False,False,K2_B0
147.8097068259101,150.08362973743152,-1,False,False,False,False,K2_B0
150.08362973743152,153.19373821844303,-1,False,False,False,False,K2_B0
153.19373821844303,155.1318016003553,9,True,False,False,False,K2_B0
155.1318016003553,155.8097068259101,9,True,True,False,False,K2_B0
155.8097068259101,158.8678325714535,9,True,True,True,False,K2_B0
158.8678325714535,161.68475398200695,9,True,True,True,False,K2_B0
161.68475398200695,164.5853728016392,-1,False,False,False,False,K2_B0
164.5853728016392,168.39152176807588,-1,False,False,False,False,K2_B0
168.39152176807588,169.57680196139643,-1,False,False,False,False,K2_B0
169.57680196139643,171.23133058693242,-1,False,True,False,False,K2_B0
171.23133058693242,172.5853728016392,10,True,True,False,False,K2_B0
172.5853728016392,174.58876130805888,10,True,True,True,False,K2_B0
174.58876130805888,178.33015342328187,10,True,True,True,False,K2_B0
178.33015342328187,183.76420577405025,10,True,True,True,False,K2_B0
183.76420577405025,185.58992105255342,10,True,True,True,False,K2_B0
185.58992105255342,186.22479379545146,10,True,True,True,False,K2_B0
186.22479379545146,186.33015342328187,10,True,True,True,False,K2_B0
186.33015342328187,190.68475398200695,10,True,True,True,False,K2_B0
190.68475398200695,191.55690559775482,10,True,True,True,False,K2_B0
191.55690559775482,196.17183249327778,10,True,True,True,False,K2_B0
196.17183249327778,200.15824153672975,10,True,True,True,False,K2_B0
200.15824153672975,201.5869523087147,10,True,True,True,False,K2_B0
201.5869523087147,204.17183249327778,10,True,True,True,False,K2_B0
204.17183249327778,205.90376753860122,10,True,True,True,False,K2_B0
205.90376753860122,207.7637478072987,10,True,True,True,False,K2_B0
207.7637478072987,219.68475398200695,10,True,True,True,True,K2_B0
219.68475398200695,224.064361510356,11,True,True,True,True,K2_B0
224.064361510356,228.10232185495195,11,True,True,True,True,K2_B0
228.10232185495195,248.68475398200695,11,True,True,True,True,K2_B0
248.68475398200695,249.57679328472975,12,True,False,False,True,K2_B0
249.57679328472975,252.71858286176084,12,True,True,True,True,K2_B0
252.71858286176084,256.09481066426736,12,True,True,True,True,K2_B0
256.09481066426736,261.99648463503803,12,True,True,True,True,K2_B0
261.99648463503803,269.8561269520917,12,True,True,True,True,K2_B0
269.8561269520917,269.99648463503803,12,True,True,True,True,K2_B0
269.99648463503803,272.0602283109931,12,True,True,True,True,K2_B0
272.0602283109931,273.12108877919127,12,True,True,True,True,K2_B0
273.12108877919127,276.97340865269615,12,True,True,True,True,K2_B0
276.97340865269615,279.07158973380217,12,True,True,True,True,K2_B0
279.07158973380217,282.36955128271023,12,True,True,True,True,K2_B0
282.36955128271023,286.01341981599586,12,True,True,True,True,K2_B0
286.01341981599586,287.07158973380217,12,True,True,True,True,K2_B0
287.07158973380217,289.3465762692617,12,True,True,True,True,K2_B0
289.3465762692617,291.9117733513976,12,True,True,True,True,K2_B0
291.9117733513976,298.99648463503803,12,True,True,True,True,K2_B0
298.99648463503803,321.0503038396118,14,False,False,False,True,K2_B0
321.0503038396118,324.16280419146597,15,True,False,False,True,K2_B0
324.16280419146597,325.31943659583385,15,True,False,False,True,K2_B0
325.31943659583385,327.99648463503803,15,True,False,False,True,K2_B0
327.99648463503803,329.0332312728035,15,True,False,False,True,K2_B0
329.0332312728035,331.0296446686717,15,True,False,False,True,K2_B0
331.0296446686717,331.92481736105015,15,True,False,False,True,K2_B0
331.92481736105015,337.10098699599075,15,True,False,False,True,K2_B0
337.10098699599075,339.0296446686717,15,True,True,False,True,K2_B0
339.0296446686717,339.67537344931566,15,True,True,True,True,K2_B0
339.67537344931566,341.899875197808,15,True,True,True,True,K2_B0
341.899875197808,344.40341250447494,15,True,True,True,True,K2_B0
344.40341250447494,345.06217982572144,15,True,True,True,True,K2_B0
345.06217982572144,350.8421663455991,15,True,True,True,True,K2_B0
350.8421663455991,352.76077851515385,15,True,True,True,True,K2_B0
352.76077851515385,353.06217982572144,15,True,True,True,True,K2_B0
353.06217982572144,364.18328407001655,15,True,True,True,True,K2_B0
364.18328407001655,367.07223896059725,15,True,True,True,True,K2_B0
367.07223896059725,368.0296446686717,15,True,True,True,True,K2_B0
368.0296446686717,368.2606173451227,17,True,False,False,True,K2_B0
368.2606173451227,372.2710110119182,17,True,False,False,True,K2_B0
372.2710110119182,374.93954789945127,17,True,False,False,True,K2_B0
374.93954789945127,382.93954789945127,17,True,False,False,True,K2_B0
382.93954789945127,396.3480441665569,17,True,False,False,True,K2_B0
396.3480441665569,397.0296446686717,17,True,False,False,True,K2_B0
397.0296446686717,399.7924051446946,17,True,False,False,True,K2_B0
399.7924051446946,399.9984702044329,17,True,False,False,True,K2_B0
399.9984702044329,401.4269219007538,17,True,True,True,True,K2_B0
401.4269219007538,404.1408526710132,17,True,True,True,True,K2_B0
404.1408526710132,408.18058250884405,17,True,True,True,True,K2_B0
408.18058250884405,416.18058250884405,17,True,True,True,True,K2_B0
416.18058250884405,423.4892872413281,17,True,True,True,True,K2_B0
423.4892872413281,426.0296446686717,17,True,True,True,True,K2_B0
426.0296446686717,427.0156254070553,18,False,False,False,True,K2_B0
427.0156254070553,431.05663429498657,18,False,False,False,True,K2_B0
431.05663429498657,435.2121806451141,19,False,False,False,True,K2_B0
435.2121806451141,441.3610930246557,19,False,False,False,True,K2_B0
441.3610930246557,447.0,19,False,False,False,True,K2_B0
447.0,449.3610930246557,19,False,False,False,True,K2_B0
449.3610930246557,449.85540036641476,19,False,False,False,True,K2_B0
449.85540036641476,454.2367585316899,19,False,False,False,True,K2_B0
454.2367585316899,455.0296446686717,20,True,False,False,True,K2_B0
455.0296446686717,456.67732862524514,20,False,False,False,True,K2_B0
456.67732862524514,465.5384079122539,20,False,False,False,True,K2_B0
465.5384079122539,473.5384079122539,20,False,False,False,True,K2_B0
473.5384079122539,480.0,20,False,False,False,True,K2_B0
0.0,16.57194458379777,-1,False,True,True,False,K2_B2
16.57194458379777,18.988861807523058,-1,False,True,True,False,K2_B2
18.988861807523058,21.80616666288438,-1,False,True,True,False,K2_B2
21.80616666288438,24.60801833257252,-1,False,True,True,False,K2_B2
24.60801833257252,48.794642343446924,-1,False,False,False,False,K2_B2
48.794642343446924,52.47160478824419,-1,False,True,True,False,K2_B2
52.47160478824419,56.994878924423304,-1,False,True,True,False,K2_B2
56.994878924423304,57.73533634406372,-1,False,True,True,False,K2_B2
57.73533634406372,59.67475562812266,-1,False,True,True,False,K2_B2
59.67475562812266,62.56872237212475,-1,False,False,False,False,K2_B2
62.56872237212475,64.9948789244233,3,False,False,False,False,K2_B2
64.9948789244233,86.27299695851002,3,False,False,False,False,K2_B2
86.27299695851002,89.00203644224206,-1,False,False,False,False,K2_B2
89.00203644224206,89.73531654704941,-1,False,True,False,False,K2_B2
89.73531654704941,92.85116381049608,-1,False,True,False,False,K2_B2
92.85116381049608,93.9948789244233,-1,False,True,False,False,K2_B2
93.9948789244233,95.68475398200695,-1,False,True,False,False,K2_B2
95.68475398200695,97.36785401319341,-1,False,True,False,False,K2_B2
97.36785401319341,97.70930664558293,5,False,True,False,False,K2_B2
97.70930664558293,103.68475398200695,5,False,True,False,False,K2_B2
103.68475398200695,105.70930664558293,-1,False,False,False,False,K2_B2
105.70930664558293,106.20399657361276,-1,False,False,False,False,K2_B2
106.20399657361276,108.7615881738295,-1,False,False,False,False,K2_B2
108.7615881738295,115.16637277021943,6,False,False,False,False,K2_B2
115.16637277021943,117.19577796641208,-1,False,False,False,False,K2_B2
117.19577796641208,123.5735452181593,-1,False,False,False,False,K2_B2
123.5735452181593,131.5735452181593,-1,False,False,False,False,K2_B2
131.5735452181593,132.68475398200695,-1,False,False,False,False,K2_B2
132.68475398200695,137.45164140938687,-1,False,False,False,False,K2_B2
137.45164140938687,138.79986901824594,-1,False,True,True,False,K2_B2
138.79986901824594,140.02109428815186,-1,False,True,True,False,K2_B2
140.02109428815186,143.98247752594574,-1,False,True,True,False,K2_B2
143.98247752594574,147.8097068259101,-1,False,False,False,False,K2_B2
147.8097068259101,150.08362973743152,-1,False,False,False,False,K2_B2
150.08362973743152,153.19373821844303,-1,False,False,False,False,K2_B2
153.19373821844303,155.1318016003553,9,True,False,False,False,K2_B2
155.1318016003553,155.8097068259101,9,True,True,False,False,K2_B2
155.8097068259101,158.8678325714535,9,True,True,True,False,K2_B2
158.8678325714535,161.68475398200695,9,True,True,True,False,K2_B2
161.68475398200695,164.5853728016392,-1,False,False,False,False,K2_B2
164.5853728016392,168.39152176807588,-1,False,False,False,False,K2_B2
168.39152176807588,169.57680196139643,-1,False,False,False,False,K2_B2
169.57680196139643,171.23133058693242,-1,False,True,False,False,K2_B2
171.23133058693242,172.5853728016392,10,True,True,False,False,K2_B2
172.5853728016392,174.58876130805888,10,True,True,True,False,K2_B2
174.58876130805888,178.33015342328187,10,True,True,True,False,K2_B2
178.33015342328187,183.76420577405025,10,True,True,True,False,K2_B2
183.76420577405025,185.58992105255342,10,True,True,True,False,K2_B2
185.58992105255342,186.22479379545146,10,True,True,True,False,K2_B2
186.22479379545146,186.33015342328187,10,True,True,True,False,K2_B2
186.33015342328187,190.68475398200695,10,True,True,True,False,K2_B2
190.68475398200695,191.55690559775482,10,True,True,True,False,K2_B2
191.55690559775482,196.17183249327778,10,True,True,True,False,K2_B2
196.17183249327778,200.15824153672975,10,True,True,True,False,K2_B2
200.15824153672975,201.5869523087147,10,True,True,True,False,K2_B2
201.5869523087147,204.17183249327778,10,True,True,True,False,K2_B2
204.17183249327778,205.90376753860122,10,True,True,True,False,K2_B2
205.90376753860122,207.7637478072987,10,True,True,True,False,K2_B2
207.7637478072987,219.68475398200695,10,True,True,True,False,K2_B2
219.68475398200695,224.064361510356,11,True,False,False,False,K2_B2
224.064361510356,228.10232185495195,11,True,False,False,False,K2_B2
228.10232185495195,229.81756701187248,11,True,False,False,True,K2_B2
229.81756701187248,232.93006736372666,11,True,False,False,False,K2_B2
232.93006736372666,239.7969078409324,11,True,False,False,False,K2_B2
239.7969078409324,247.7969078409324,11,True,False,False,False,K2_B2
247.7969078409324,248.68475398200695,11,True,False,False,False,K2_B2
248.68475398200695,249.57679328472975,11,False,False,False,True,K2_B2
249.57679328472975,252.71858286176084,12,True,False,False,False,K2_B2
252.71858286176084,256.09481066426736,12,True,False,False,False,K2_B2
256.09481066426736,261.99648463503803,12,True,False,False,False,K2_B2
261.99648463503803,269.8561269520917,12,True,False,False,False,K2_B2
269.8561269520917,269.99648463503803,12,True,False,False,False,K2_B2
269.99648463503803,272.95054724227725,12,True,False,False,False,K2_B2
272.95054724227725,272.9522676137159,12,True,True,True,False,K2_B2
272.9522676137159,273.12108877919127,12,True,True,True,False,K2_B2
273.12108877919127,276.01004366977196,12,True,True,True,True,K2_B2
276.01004366977196,277.68475398200695,12,True,True,True,True,K2_B2
277.68475398200695,279.86236354327684,12,True,True,True,True,K2_B2
279.86236354327684,279.96362903652494,12,True,True,True,True,K2_B2
279.96362903652494,282.36955128271023,12,True,True,True,True,K2_B2
282.36955128271023,283.70681107171197,12,True,True,True,True,K2_B2
283.70681107171197,286.01341981599586,12,True,True,True,True,K2_B2
286.01341981599586,287.96362903652494,12,True,True,True,True,K2_B2
287.96362903652494,289.3465762692617,12,True,True,True,True,K2_B2
289.3465762692617,291.70681107171197,12,True,True,True,True,K2_B2
291.70681107171197,291.9117733513976,12,True,True,True,True,K2_B2
291.9117733513976,306.68475398200695,12,True,True,True,True,K2_B2
306.68475398200695,321.20655912884615,16,False,False,False,False,K2_B2
321.20655912884615,322.36319153321404,16,False,False,False,False,K2_B2
322.36319153321404,329.0332312728035,16,False,False,False,False,K2_B2
329.0332312728035,331.92481736105015,16,False,False,False,False,K2_B2
331.92481736105015,335.68475398200695,16,False,False,False,False,K2_B2
335.68475398200695,338.65357951776815,16,False,False,False,True,K2_B2
338.65357951776815,341.3675102880275,17,False,False,False,True,K2_B2
341.3675102880275,341.899875197808,17,False,False,False,True,K2_B2
341.899875197808,344.40341250447494,17,False,False,False,True,K2_B2
344.40341250447494,344.7892563429597,17,False,False,False,True,K2_B2
344.7892563429597,346.8356918221793,17,False,True,False,True,K2_B2
346.8356918221793,347.3636427962846,17,False,True,False,True,K2_B2
347.3636427962846,350.8421663455991,17,False,True,False,True,K2_B2
350.8421663455991,352.75044917269037,17,False,True,False,True,K2_B2
352.75044917269037,352.76077851515385,17,False,True,False,True,K2_B2
352.76077851515385,354.8356918221793,17,False,True,False,True,K2_B2
354.8356918221793,360.75044917269037,18,False,False,False,True,K2_B2
360.75044917269037,368.2606173451227,18,False,False,False,True,K2_B2
368.2606173451227,372.2710110119182,18,False,False,False,True,K2_B2
372.2710110119182,383.8356918221793,18,False,False,False,True,K2_B2
383.8356918221793,396.3480441665569,18,False,False,False,True,K2_B2
396.3480441665569,399.7924051446946,18,False,False,False,True,K2_B2
399.7924051446946,401.4269219007538,18,False,False,False,True,K2_B2
401.4269219007538,401.680569144083,18,False,False,False,True,K2_B2
401.680569144083,405.8361154942105,19,True,False,False,True,K2_B2
405.8361154942105,410.8065547067623,19,True,False,False,True,K2_B2
410.8065547067623,411.98502787375213,19,True,True,False,True,K2_B2
411.98502787375213,412.8356918221793,19,True,True,False,True,K2_B2
412.8356918221793,413.5160200172041,19,False,True,False,True,K2_B2
413.5160200172041,418.38717627045435,19,False,True,False,True,K2_B2
418.38717627045435,419.98502787375213,19,False,True,False,True,K2_B2
419.98502787375213,423.4892872413281,20,False,False,False,True,K2_B2
423.4892872413281,424.8606933807863,20,False,False,False,True,K2_B2
424.8606933807863,426.38717627045435,20,False,True,False,True,K2_B2
426.38717627045435,427.0156254070553,21,True,False,False,True,K2_B2
427.0156254070553,429.4561955006106,21,True,False,False,True,K2_B2
429.4561955006106,436.1623427613504,21,True,False,False,True,K2_B2
436.1623427613504,444.1623427613504,21,True,False,False,True,K2_B2
444.1623427613504,447.0,21,True,False,False,True,K2_B2
447.0,448.98502787375213,21,True,False,False,True,K2_B2
448.98502787375213,449.85540036641476,21,True,False,False,True,K2_B2
449.85540036641476,454.2900730723902,21,True,False,False,True,K2_B2
454.2900730723902,457.71781814404153,21,True,False,False,False,K2_B2
457.71781814404153,463.1141175775968,21,True,False,False,False,K2_B2
463.1141175775968,466.86275965133757,21,True,False,False,False,K2_B2
466.86275965133757,470.42658840419466,21,True,True,False,False,K2_B2
470.42658840419466,471.1141175775968,21,True,True,False,False,K2_B2
471.1141175775968,477.98502787375213,21,True,True,True,False,K2_B2
477.98502787375213,478.21396641730763,22,True,False,False,False,K2_B2
478.21396641730763,480.0,22,True,False,False,False,K2_B2
