demand,case,metric,mean,sd,ci_low,ci_high
0.8,K2_B1,mean_wait,-13.722352979534152,2.035696951073512,-14.300891583504109,-13.143814375564196
0.8,K2_B2,mean_wait,-17.245908821310326,2.4411222757312183,-17.939668014090344,-16.55214962853031
0.8,K2_unlimited,mean_wait,-18.35896515154319,2.613568379154662,-19.10173297887564,-17.616197324210745
0.8,K50_FCFS,mean_wait,-44.58491235166464,5.577451745382879,-46.17000641234101,-42.99981829098827
0.8,K50_B2,mean_wait,-44.58491235166464,5.577451745382879,-46.17000641234101,-42.99981829098827
0.8,K2_B1,maximum_wait,-11.477391910736424,4.1260595064238865,-12.650004909682378,-10.30477891179047
0.8,K2_B2,maximum_wait,-10.82564395720399,4.340806375298235,-12.059287333810023,-9.592000580597958
0.8,K2_unlimited,maximum_wait,-8.742964772752602,4.721823335916878,-10.084891958679536,-7.401037586825668
0.8,K50_FCFS,maximum_wait,-94.5229665688829,11.011201651900643,-97.65231508432026,-91.39361805344552
0.8,K50_B2,maximum_wait,-94.5229665688829,11.011201651900643,-97.65231508432026,-91.39361805344552
0.8,K2_B1,overtime,-21.201164245015743,4.727454720325724,-22.54469185249491,-19.857636637536576
0.8,K2_B2,overtime,-26.18314862941268,5.186252858862499,-27.657065209785433,-24.70923204903993
0.8,K2_unlimited,overtime,-27.2910351491085,5.844534322660397,-28.95203322944818,-25.630037068768818
0.8,K50_FCFS,overtime,-93.38114889279653,11.712115099224619,-96.70969478243282,-90.05260300316024
0.8,K50_B2,overtime,-93.38114889279653,11.712115099224619,-96.70969478243282,-90.05260300316024
1.0,K2_B1,mean_wait,-24.24458956879715,2.7322934536790804,-25.02109868499647,-23.468080452597828
1.0,K2_B2,mean_wait,-34.98834384247421,3.2176225573111106,-35.902781947530734,-34.07390573741768
1.0,K2_unlimited,mean_wait,-42.66637337788325,3.843950563563014,-43.75881191182148,-41.57393484394501
1.0,K50_FCFS,mean_wait,-77.58873706180056,6.076483628981348,-79.31565439785261,-75.8618197257485
1.0,K50_B2,mean_wait,-77.58873706180056,6.076483628981348,-79.31565439785261,-75.8618197257485
1.0,K2_B1,maximum_wait,-27.230455431169627,5.99398312450906,-28.93392638604052,-25.526984476298736
1.0,K2_B2,maximum_wait,-34.526204626901155,7.010135605255571,-36.518462887427575,-32.533946366374735
1.0,K2_unlimited,maximum_wait,-31.331387014384237,7.262458780434695,-33.39535471940357,-29.267419309364907
1.0,K50_FCFS,maximum_wait,-162.0802717325965,10.778334321719246,-165.14344009285787,-159.0171033723351
1.0,K50_B2,maximum_wait,-162.0802717325965,10.778334321719246,-165.14344009285787,-159.0171033723351
1.0,K2_B1,overtime,-34.975408106025185,6.1210558120992395,-36.71499271486719,-33.235823497183176
1.0,K2_B2,overtime,-48.60777826493524,7.791018020783613,-50.82196082627964,-46.39359570359084
1.0,K2_unlimited,overtime,-55.14234716607458,9.140902408704907,-57.74016258048043,-52.54453175166873
1.0,K50_FCFS,overtime,-163.6589033212329,11.253385593898873,-166.85707974331606,-160.46072689914976
1.0,K50_B2,overtime,-163.6589033212329,11.253385593898873,-166.85707974331606,-160.46072689914976
1.2,K2_B1,mean_wait,-30.429415815717892,2.8653149843304475,-31.243729228180666,-29.61510240325512
1.2,K2_B2,mean_wait,-45.80037477931317,3.8907734050573675,-46.90612021599926,-44.694629342627074
1.2,K2_unlimited,mean_wait,-63.57753036862687,5.349357852737736,-65.09780086990486,-62.05725986734887
1.2,K50_FCFS,mean_wait,-99.32766769313386,6.91224089142366,-101.29210458710251,-97.36323079916521
1.2,K50_B2,mean_wait,-99.32766769313386,6.91224089142366,-101.29210458710251,-97.36323079916521
1.2,K2_B1,maximum_wait,-38.14496260393038,6.623708252855562,-40.02739943898607,-36.26252576887469
1.2,K2_B2,maximum_wait,-51.999695011377405,8.097545253705592,-54.3009916381626,-49.69839838459221
1.2,K2_unlimited,maximum_wait,-54.55018827168813,9.151843077547458,-57.15111298940915,-51.94926355396711
1.2,K50_FCFS,maximum_wait,-205.26553821351533,12.937833680807893,-208.94242942865563,-201.58864699837503
1.2,K50_B2,maximum_wait,-205.26553821351533,12.937833680807893,-208.94242942865563,-201.58864699837503
1.2,K2_B1,overtime,-44.67978054243775,6.5725143261955825,-46.547668226232986,-42.81189285864251
1.2,K2_B2,overtime,-62.892724645394665,8.061088256839339,-65.18366030953224,-60.60178898125708
1.2,K2_unlimited,overtime,-73.90294671843957,10.534213308259922,-76.89673666250201,-70.90915677437712
1.2,K50_FCFS,overtime,-204.9862634264301,13.110297316481859,-208.7121682587327,-201.2603585941275
1.2,K50_B2,overtime,-204.9862634264301,13.110297316481859,-208.7121682587327,-201.2603585941275
1.5,K2_B1,mean_wait,-36.676657839880846,2.974029201707306,-37.52186748742405,-35.83144819233764
1.5,K2_B2,mean_wait,-56.714901496296285,3.571966073675335,-57.730042902585865,-55.699760090006706
1.5,K2_unlimited,mean_wait,-88.74330207722046,4.59971619175452,-90.05052680083777,-87.43607735360315
1.5,K50_FCFS,mean_wait,-126.31713309418366,7.002848120046732,-128.30732027457364,-124.32694591379368
1.5,K50_B2,mean_wait,-126.31713309418366,7.002848120046732,-128.30732027457364,-124.32694591379368
1.5,K2_B1,maximum_wait,-49.158044124665906,6.172343417435409,-50.91220450795043,-47.403883741381385
1.5,K2_B2,maximum_wait,-69.17460441293395,7.4568610374544795,-71.29382062158027,-67.05538820428762
1.5,K2_unlimited,maximum_wait,-79.82558405062647,10.6537824755623,-82.85335517204072,-76.79781292921223
1.5,K50_FCFS,maximum_wait,-259.1495886752178,13.618656093326585,-263.01996745631544,-255.27920989412013
1.5,K50_B2,maximum_wait,-259.1495886752178,13.618656093326585,-263.01996745631544,-255.27920989412013
1.5,K2_B1,overtime,-54.29141372550388,5.980955405649732,-55.99118224407755,-52.59164520693021
1.5,K2_B2,overtime,-78.9523980687574,7.75229351271316,-81.15557524797619,-76.74922088953862
1.5,K2_unlimited,overtime,-96.69113215099539,11.260714697115084,-99.89139148092042,-93.49087282107035
1.5,K50_FCFS,overtime,-258.44783515701823,13.803306907911367,-262.37069111279334,-254.52497920124316
1.5,K50_B2,overtime,-258.44783515701823,13.803306907911367,-262.37069111279334,-254.52497920124316
