demand,metric,mean,sd,ci_low,ci_high
0.8,mean_wait,119.69269953462184,9.108041838785613,117.10422298975487,122.2811760794888
0.8,fifo_mean_wait,112.4676901334008,8.586113773513064,110.02754388597631,114.90783638082527
0.8,paired_wait_change,7.225009401221046,3.6507337039946193,6.187482484721357,8.262536317720734
0.8,fraction_worse,0.6483020827623674,0.0849877723468213,0.6241488279558907,0.6724553375688442
1.0,mean_wait,168.68749903019477,9.543710635304084,165.97520679792984,171.3997912624597
1.0,fifo_mean_wait,168.5458393074555,8.487466466385959,166.13372831121154,170.95795030369948
1.0,paired_wait_change,0.14165972273930244,4.419357837425693,-1.1143077297637107,1.3976271752423155
1.0,fraction_worse,0.553499671746232,0.07295264093280586,0.5327667630394964,0.5742325804529677
1.2,mean_wait,226.3421814927819,10.111791635659689,223.46844244559972,229.21592053996406
1.2,fifo_mean_wait,231.4609432134174,11.154209054811691,228.29095244855588,234.63093397827893
1.2,paired_wait_change,-5.118761720635513,4.956576210201623,-6.527404927380286,-3.71011851389074
1.2,fraction_worse,0.49824112510447244,0.0735764952994908,0.47733091896935875,0.5191513312395861
1.5,mean_wait,308.8936202058679,9.957573526820848,306.06370945510645,311.7235309566293
1.5,fifo_mean_wait,321.73217091994314,10.32339224617228,318.7982956517284,324.6660461881579
1.5,paired_wait_change,-12.838550714075234,5.072155785988694,-14.280041268942245,-11.397060159208223
1.5,fraction_worse,0.4226234021092327,0.04759863628426612,0.4090960209475862,0.43615078327087925
